ward_id,ward_name,population,area_km2,pop_density,avg_temperature_c,AQI,green_cover_pct,tree_cover_pct,built_up_pct,relative_humidity_pct,heat_index_c,heat_risk_score,source_basis
1,NARELA,45364,13.52,3354,36.9,78,38.5,20.5,56.8,40.1,37.7,16.9,Ward names/boundaries: Delhi SEC 2022; population total calibrated to SEC 2022 MCD total; other numeric fields simulated
2,BANKNER,40857,13.43,3043,37.2,88,40.2,26.5,68.3,44.5,38.6,21.7,Ward names/boundaries: Delhi SEC 2022; population total calibrated to SEC 2022 MCD total; other numeric fields simulated
3,HOLAMBI KALAN,56728,13.3,4264,37.6,75,33.5,16.8,57.4,52.4,39.9,25.6,Ward names/boundaries: Delhi SEC 2022; population total calibrated to SEC 2022 MCD total; other numeric fields simulated
4,ALIPUR,38669,14.58,2652,36.9,75,35.1,24.9,51.7,49.8,38.8,17.9,Ward names/boundaries: Delhi SEC 2022; population total calibrated to SEC 2022 MCD total; other numeric fields simulated
5,BAKHTAWARPUR,56878,17.24,3300,36.4,75,32.8,15.9,42.8,56.9,38.8,14.3,Ward names/boundaries: Delhi SEC 2022; population total calibrated to SEC 2022 MCD total; other numeric fields simulated
6,BURARI,74526,6.73,11070,37.3,112,11.7,7.8,65.5,42,38.5,44.7,Ward names/boundaries: Delhi SEC 2022; population total calibrated to SEC 2022 MCD total; other numeric fields simulated
7,KADIPUR,54382,21.06,2582,36.9,75,36.1,22.7,43.8,40.7,37.9,17.4,Ward names/boundaries: Delhi SEC 2022; population total calibrated to SEC 2022 MCD total; other numeric fields simulated
8,MUKUNDPUR,72827,7.04,10349,38.8,163,16,10.7,87,56.3,41.8,71.2,Ward names/boundaries: Delhi SEC 2022; population total calibrated to SEC 2022 MCD total; other numeric fields simulated
9,SANT NAGAR,77753,6.74,11529,38.4,153,9.7,5.1,87.1,45.1,40.2,67.9,Ward names/boundaries: Delhi SEC 2022; population total calibrated to SEC 2022 MCD total; other numeric fields simulated
10,JHARODA,42745,17.48,2445,36,75,41.1,23,54.8,56,38.3,5.9,Ward names/boundaries: Delhi SEC 2022; population total calibrated to SEC 2022 MCD total; other numeric fields simulated
11,TIMARPUR,60671,3.68,16501,38,124,20.1,11.6,63.8,42.9,39.5,50.4,Ward names/boundaries: Delhi SEC 2022; population total calibrated to SEC 2022 MCD total; other numeric fields simulated
12,MALKA GANJ,64944,4.21,15421,38.3,142,13.7,8.3,73.5,44.1,40,61.8,Ward names/boundaries: Delhi SEC 2022; population total calibrated to SEC 2022 MCD total; other numeric fields simulated
13,MUKHERJEE NAGAR,65068,5.25,12387,38.9,157,8.7,5.3,78.6,49.1,41.3,74.5,Ward names/boundaries: Delhi SEC 2022; population total calibrated to SEC 2022 MCD total; other numeric fields simulated
14,DHIRPUR,62431,8.62,7240,38.8,147,11.2,5.4,87.2,55.2,41.7,69.4,Ward names/boundaries: Delhi SEC 2022; population total calibrated to SEC 2022 MCD total; other numeric fields simulated
15,ADARSH NAGAR,66792,2.33,28658,38.1,179,7.9,4,82,42.1,39.5,73.2,Ward names/boundaries: Delhi SEC 2022; population total calibrated to SEC 2022 MCD total; other numeric fields simulated
16,AZADPUR,75290,7.78,9683,38.2,127,23,16.2,87.1,54,40.9,51.6,Ward names/boundaries: Delhi SEC 2022; population total calibrated to SEC 2022 MCD total; other numeric fields simulated
17,BHALSWA,62238,7.56,8230,38.2,119,17.6,12,64.5,41.3,39.5,52.3,Ward names/boundaries: Delhi SEC 2022; population total calibrated to SEC 2022 MCD total; other numeric fields simulated
18,JAHANGIR PURI,70879,4.5,15754,38.5,150,13.3,7.8,78.6,42.5,40,66.1,Ward names/boundaries: Delhi SEC 2022; population total calibrated to SEC 2022 MCD total; other numeric fields simulated
19,SARUP NAGAR,77791,6.32,12303,39,136,12.1,5.8,89.8,46.1,41.1,67.8,Ward names/boundaries: Delhi SEC 2022; population total calibrated to SEC 2022 MCD total; other numeric fields simulated
20,SAMAYPUR BADLI,57296,7.4,7737,37.3,122,14.5,10,62.9,56.8,39.9,46,Ward names/boundaries: Delhi SEC 2022; population total calibrated to SEC 2022 MCD total; other numeric fields simulated
21,ROHINI-A,69316,4.08,16992,38.1,117,26.2,12.5,77.7,47.3,40,46.1,Ward names/boundaries: Delhi SEC 2022; population total calibrated to SEC 2022 MCD total; other numeric fields simulated
22,ROHINI-B,69256,6.33,10941,39,156,19.2,12.7,82,47.6,41.2,69.5,Ward names/boundaries: Delhi SEC 2022; population total calibrated to SEC 2022 MCD total; other numeric fields simulated
23,RITHALA,66761,8.07,8271,38.2,108,20.5,9,80.4,40.3,39.4,47.7,Ward names/boundaries: Delhi SEC 2022; population total calibrated to SEC 2022 MCD total; other numeric fields simulated
24,VIJAY VIHAR,82428,3.85,21387,37.2,98,24.3,17.4,63.8,39.2,38.2,33.1,Ward names/boundaries: Delhi SEC 2022; population total calibrated to SEC 2022 MCD total; other numeric fields simulated
25,BUDH VIHAR,56736,9.06,6260,38.2,115,10.7,6.8,72.7,50.6,40.5,54.9,Ward names/boundaries: Delhi SEC 2022; population total calibrated to SEC 2022 MCD total; other numeric fields simulated
26,POOTH KALAN,45606,10.74,4247,36.4,96,23.8,12.5,68.2,56.9,38.9,24.9,Ward names/boundaries: Delhi SEC 2022; population total calibrated to SEC 2022 MCD total; other numeric fields simulated
27,BEGUMPUR,61934,4.76,13002,39,146,27.8,14.7,83,54.3,41.9,62.1,Ward names/boundaries: Delhi SEC 2022; population total calibrated to SEC 2022 MCD total; other numeric fields simulated
28,SHAHBAAD DAIRY,49407,9.34,5292,37.5,101,13.9,7.6,66.5,41.5,38.7,42.4,Ward names/boundaries: Delhi SEC 2022; population total calibrated to SEC 2022 MCD total; other numeric fields simulated
29,POOTH KHURD,45254,14.24,3178,37.6,75,40.1,23.1,44.9,38.9,38.6,22.1,Ward names/boundaries: Delhi SEC 2022; population total calibrated to SEC 2022 MCD total; other numeric fields simulated
30,BAWANA,55251,18.81,2937,37.7,111,24.5,10.8,62.1,47.1,39.5,41.4,Ward names/boundaries: Delhi SEC 2022; population total calibrated to SEC 2022 MCD total; other numeric fields simulated
31,NANGAL THAKRAN,55171,14.35,3846,36.2,75,22.3,13.1,61.4,48.3,37.8,18,Ward names/boundaries: Delhi SEC 2022; population total calibrated to SEC 2022 MCD total; other numeric fields simulated
32,KANJHAWALA,51063,12.63,4044,37.5,91,35,24.8,65,57.1,40.2,28.3,Ward names/boundaries: Delhi SEC 2022; population total calibrated to SEC 2022 MCD total; other numeric fields simulated
33,RANI KHERA,49013,18.06,2713,36.9,75,40.6,21.5,42.1,54.3,39.2,14.9,Ward names/boundaries: Delhi SEC 2022; population total calibrated to SEC 2022 MCD total; other numeric fields simulated
34,NANGLOI,68613,8.22,8345,38.2,110,22.4,13,67.3,40.9,39.5,47.2,Ward names/boundaries: Delhi SEC 2022; population total calibrated to SEC 2022 MCD total; other numeric fields simulated
35,MUNDKA,42282,10.64,3976,37,101,24,16.5,57.4,44.2,38.3,32.1,Ward names/boundaries: Delhi SEC 2022; population total calibrated to SEC 2022 MCD total; other numeric fields simulated
36,NILOTHI,62472,6.66,9379,36.7,77,32.6,21.6,62.8,55.7,39.1,17.9,Ward names/boundaries: Delhi SEC 2022; population total calibrated to SEC 2022 MCD total; other numeric fields simulated
37,KIRARI,70373,5.33,13201,39,157,5.5,2.8,80.5,46.1,41.1,77.2,Ward names/boundaries: Delhi SEC 2022; population total calibrated to SEC 2022 MCD total; other numeric fields simulated
38,PREM NAGAR,80534,4.7,17149,37.8,150,13.7,6.7,83.4,52.8,40.2,59.1,Ward names/boundaries: Delhi SEC 2022; population total calibrated to SEC 2022 MCD total; other numeric fields simulated
39,MUBARIKPUR,44029,8.31,5295,38.2,78,39.6,27.5,66.4,54.3,40.8,29,Ward names/boundaries: Delhi SEC 2022; population total calibrated to SEC 2022 MCD total; other numeric fields simulated
40,NITHARI,70692,6.45,10964,37.9,113,23.4,10.8,85.3,38.9,39.1,44.6,Ward names/boundaries: Delhi SEC 2022; population total calibrated to SEC 2022 MCD total; other numeric fields simulated
41,AMAN VIHAR,63055,4.53,13908,38.6,156,4.8,2.9,90.9,45.8,40.5,73.4,Ward names/boundaries: Delhi SEC 2022; population total calibrated to SEC 2022 MCD total; other numeric fields simulated
42,MANGOL PURI,85904,4.74,18126,38.9,174,9.3,3.9,92.2,38.4,40.4,78.9,Ward names/boundaries: Delhi SEC 2022; population total calibrated to SEC 2022 MCD total; other numeric fields simulated
43,SULTANPURI-A,71166,4.47,15905,38.3,180,5.9,3.5,87.9,51.3,40.7,76.5,Ward names/boundaries: Delhi SEC 2022; population total calibrated to SEC 2022 MCD total; other numeric fields simulated
44,SULTANPURI-B,70207,5.82,12072,38.1,155,9.2,5.8,81,50.1,40.2,65.8,Ward names/boundaries: Delhi SEC 2022; population total calibrated to SEC 2022 MCD total; other numeric fields simulated
45,JAWALAPURI,50496,8.06,6262,38.1,131,13.7,7.3,74.5,54.3,40.7,56.7,Ward names/boundaries: Delhi SEC 2022; population total calibrated to SEC 2022 MCD total; other numeric fields simulated
46,NANGLOI JAT,75394,4.68,16116,38.3,164,12.7,6.1,76.7,54.8,41,68.4,Ward names/boundaries: Delhi SEC 2022; population total calibrated to SEC 2022 MCD total; other numeric fields simulated
47,NIHAL VIHAR,73212,7.22,10143,38.5,148,11.7,7.3,74.3,39.5,39.9,66.5,Ward names/boundaries: Delhi SEC 2022; population total calibrated to SEC 2022 MCD total; other numeric fields simulated
48,GURU HARKISHAN NAGAR,65479,6.21,10543,38.9,153,11,5.8,92.7,47.8,41.1,72.1,Ward names/boundaries: Delhi SEC 2022; population total calibrated to SEC 2022 MCD total; other numeric fields simulated
49,MANGOLPURI-A,69257,9.43,7347,37.7,131,22.7,14.8,70.9,47.8,39.5,48,Ward names/boundaries: Delhi SEC 2022; population total calibrated to SEC 2022 MCD total; other numeric fields simulated
50,MANGOLPURI-B,64939,9.08,7150,38.6,169,10.3,6.6,81.9,49.1,40.8,74,Ward names/boundaries: Delhi SEC 2022; population total calibrated to SEC 2022 MCD total; other numeric fields simulated
51,ROHINI-C,76038,4.83,15737,39.1,158,12.9,9,86.1,53.1,41.8,74.5,Ward names/boundaries: Delhi SEC 2022; population total calibrated to SEC 2022 MCD total; other numeric fields simulated
52,ROHINI-F,76303,7.33,10413,37,84,12.3,5.9,70.9,39.5,37.9,33.7,Ward names/boundaries: Delhi SEC 2022; population total calibrated to SEC 2022 MCD total; other numeric fields simulated
53,ROHINI-E,70424,7.99,8809,38.4,127,16.1,10.6,75.5,43.2,39.9,57.3,Ward names/boundaries: Delhi SEC 2022; population total calibrated to SEC 2022 MCD total; other numeric fields simulated
54,ROHINI-D,57401,6.58,8724,38.3,120,9.5,4.6,71.7,43.1,39.8,57.9,Ward names/boundaries: Delhi SEC 2022; population total calibrated to SEC 2022 MCD total; other numeric fields simulated
55,SHALIMAR BAGH-A,65681,5.52,11906,38,100,17.3,10.4,74.7,47.2,39.9,45.2,Ward names/boundaries: Delhi SEC 2022; population total calibrated to SEC 2022 MCD total; other numeric fields simulated
56,SHALIMAR BAGH-B,73336,7.34,9993,38.3,136,19.1,13.5,81.5,52.9,40.9,57.2,Ward names/boundaries: Delhi SEC 2022; population total calibrated to SEC 2022 MCD total; other numeric fields simulated
57,PITAM PURA,59069,7.2,8204,37.8,133,15.6,7.2,82.7,50.4,40,53.3,Ward names/boundaries: Delhi SEC 2022; population total calibrated to SEC 2022 MCD total; other numeric fields simulated
58,SARASWATI VIHAR,58735,4.99,11782,38,101,20.6,13.7,83,42,39.3,43.7,Ward names/boundaries: Delhi SEC 2022; population total calibrated to SEC 2022 MCD total; other numeric fields simulated
59,PASCHIM VIHAR,68210,6.72,10143,38.9,93,24.4,12.9,65.4,45.6,40.8,48.2,Ward names/boundaries: Delhi SEC 2022; population total calibrated to SEC 2022 MCD total; other numeric fields simulated
60,RANI BAGH,59884,5.63,10629,37.1,113,17.8,8.2,63.3,44.7,38.5,39.7,Ward names/boundaries: Delhi SEC 2022; population total calibrated to SEC 2022 MCD total; other numeric fields simulated
61,KOHAT ENCLAVE,72851,7.59,9600,38.7,140,8.7,3.8,73.4,40.2,40.1,67.8,Ward names/boundaries: Delhi SEC 2022; population total calibrated to SEC 2022 MCD total; other numeric fields simulated
62,SHAKUR PUR,70914,3.62,19580,38.3,135,16.8,8.2,85.1,42.8,39.8,58.1,Ward names/boundaries: Delhi SEC 2022; population total calibrated to SEC 2022 MCD total; other numeric fields simulated
63,TRI NAGAR,65360,5.76,11342,38.4,163,9.5,4.4,82.6,54.3,41.1,70.8,Ward names/boundaries: Delhi SEC 2022; population total calibrated to SEC 2022 MCD total; other numeric fields simulated
64,KESHAV PURAM,75054,4.42,16986,38,122,16,10.5,82.3,51.3,40.3,52,Ward names/boundaries: Delhi SEC 2022; population total calibrated to SEC 2022 MCD total; other numeric fields simulated
65,ASHOK VIHAR,76707,9.5,8078,38,122,12.8,8.3,78.9,47.5,39.9,53.7,Ward names/boundaries: Delhi SEC 2022; population total calibrated to SEC 2022 MCD total; other numeric fields simulated
66,WAZIR PUR,65193,4.55,14315,38.4,117,12.2,5.4,72.2,54.8,41.2,56.6,Ward names/boundaries: Delhi SEC 2022; population total calibrated to SEC 2022 MCD total; other numeric fields simulated
67,SANGAM PARK,72527,5.09,14240,38.7,186,10.5,7.3,87.5,44.4,40.5,79.6,Ward names/boundaries: Delhi SEC 2022; population total calibrated to SEC 2022 MCD total; other numeric fields simulated
68,MODEL TOWN,67540,5.18,13036,37.7,130,12.2,5.3,80,57.9,40.5,53.4,Ward names/boundaries: Delhi SEC 2022; population total calibrated to SEC 2022 MCD total; other numeric fields simulated
69,KAMLA NAGAR,71480,3.89,18399,39.4,180,11.2,5,83,57.2,42.8,84.4,Ward names/boundaries: Delhi SEC 2022; population total calibrated to SEC 2022 MCD total; other numeric fields simulated
70,SHASTRI NAGAR,70737,5.1,13863,38.4,157,15.5,7.8,88.7,57.7,41.5,65.9,Ward names/boundaries: Delhi SEC 2022; population total calibrated to SEC 2022 MCD total; other numeric fields simulated
71,KISHAN GANJ,64058,3.66,17512,38.3,130,21.3,11.4,77.8,56.9,41.3,54.3,Ward names/boundaries: Delhi SEC 2022; population total calibrated to SEC 2022 MCD total; other numeric fields simulated
72,SADAR BAZAR,68821,6.03,11422,38.5,153,13.5,9,78.8,41.4,39.9,66.9,Ward names/boundaries: Delhi SEC 2022; population total calibrated to SEC 2022 MCD total; other numeric fields simulated
73,CIVIL LINES,59466,6.34,9374,38.8,152,13.3,7.5,74.7,47.8,41,69.6,Ward names/boundaries: Delhi SEC 2022; population total calibrated to SEC 2022 MCD total; other numeric fields simulated
74,CHANDNI CHOWK,45604,4.65,9818,38,124,14.2,9.9,71.8,56.9,40.9,53.5,Ward names/boundaries: Delhi SEC 2022; population total calibrated to SEC 2022 MCD total; other numeric fields simulated
75,JAMA MASJID,73628,5.43,13559,39.1,166,12.1,7.8,89.6,43.7,41,77.1,Ward names/boundaries: Delhi SEC 2022; population total calibrated to SEC 2022 MCD total; other numeric fields simulated
76,CHANDANI MAHAL,65043,3.8,17111,36.3,86,26.6,17.5,65.4,43.8,37.4,19.7,Ward names/boundaries: Delhi SEC 2022; population total calibrated to SEC 2022 MCD total; other numeric fields simulated
77,DELHI GATE,63158,6.54,9663,37.4,153,15.5,11.1,67.8,52.9,39.7,55,Ward names/boundaries: Delhi SEC 2022; population total calibrated to SEC 2022 MCD total; other numeric fields simulated
78,BAZAR SITA RAM,67622,9.43,7172,37.7,119,20.8,11.8,85.5,48.1,39.6,45.7,Ward names/boundaries: Delhi SEC 2022; population total calibrated to SEC 2022 MCD total; other numeric fields simulated
79,BALLIMARAN,61848,2.33,26588,38,127,14.1,8.1,81.4,47.2,39.9,54.4,Ward names/boundaries: Delhi SEC 2022; population total calibrated to SEC 2022 MCD total; other numeric fields simulated
80,RAM NAGAR,73034,6.07,12025,38.8,144,14.7,7.9,79.6,56.8,41.9,66.7,Ward names/boundaries: Delhi SEC 2022; population total calibrated to SEC 2022 MCD total; other numeric fields simulated
81,QURAISH NAGAR,71479,6.03,11854,39,154,11.1,5,86.3,48.6,41.3,73.3,Ward names/boundaries: Delhi SEC 2022; population total calibrated to SEC 2022 MCD total; other numeric fields simulated
82,PAHAR GANJ,61175,4.56,13422,38.3,168,10.2,7.3,85.3,42,39.8,70.9,Ward names/boundaries: Delhi SEC 2022; population total calibrated to SEC 2022 MCD total; other numeric fields simulated
83,KAROL BAGH,59987,2.75,21808,38.6,144,23.3,14.8,84.1,57.6,41.7,60.1,Ward names/boundaries: Delhi SEC 2022; population total calibrated to SEC 2022 MCD total; other numeric fields simulated
84,DEV NAGAR,75165,2.84,26434,38.8,186,9.5,6.8,86,43,40.4,81.1,Ward names/boundaries: Delhi SEC 2022; population total calibrated to SEC 2022 MCD total; other numeric fields simulated
85,WEST PATEL NAGAR,66674,2.87,23236,38.6,170,9.9,5.2,90,46.9,40.7,74.5,Ward names/boundaries: Delhi SEC 2022; population total calibrated to SEC 2022 MCD total; other numeric fields simulated
86,EAST PATEL NAGAR,74759,4.93,15168,38.2,165,7.4,4.3,86.3,40,39.4,70.6,Ward names/boundaries: Delhi SEC 2022; population total calibrated to SEC 2022 MCD total; other numeric fields simulated
87,RANJEET NAGAR,79493,5.87,13532,38.4,146,9,6,80.5,57.2,41.4,66.4,Ward names/boundaries: Delhi SEC 2022; population total calibrated to SEC 2022 MCD total; other numeric fields simulated
88,BALJEET NAGAR,68798,6.36,10815,39.2,141,9.6,5.6,88.8,46.3,41.4,72.5,Ward names/boundaries: Delhi SEC 2022; population total calibrated to SEC 2022 MCD total; other numeric fields simulated
89,KARAM PURA,59998,4.18,14338,36.8,128,21.2,10.6,76.6,56,39.3,39.1,Ward names/boundaries: Delhi SEC 2022; population total calibrated to SEC 2022 MCD total; other numeric fields simulated
90,MOTI NAGAR,66516,5.83,11410,38.7,163,15.6,9.6,90.6,49,41,70.5,Ward names/boundaries: Delhi SEC 2022; population total calibrated to SEC 2022 MCD total; other numeric fields simulated
91,RAMESH NAGAR,71903,5.83,12334,38.4,138,13.4,6.5,83.9,56.6,41.3,61.8,Ward names/boundaries: Delhi SEC 2022; population total calibrated to SEC 2022 MCD total; other numeric fields simulated
92,PUNJABI BAGH,69534,2.96,23503,37,110,16.1,10.5,72.1,46,38.5,38.9,Ward names/boundaries: Delhi SEC 2022; population total calibrated to SEC 2022 MCD total; other numeric fields simulated
93,MADIPUR,81752,5.67,14414,38.1,119,25.7,17,84.7,46.7,40,46.9,Ward names/boundaries: Delhi SEC 2022; population total calibrated to SEC 2022 MCD total; other numeric fields simulated
94,RAGHUBIR NAGAR,67440,6.16,10951,39.2,163,14,7.2,94.5,48.4,41.6,76.2,Ward names/boundaries: Delhi SEC 2022; population total calibrated to SEC 2022 MCD total; other numeric fields simulated
95,VISHNU GARDEN,72170,8.53,8458,37.9,118,23.5,13.7,79.4,53.8,40.4,45.9,Ward names/boundaries: Delhi SEC 2022; population total calibrated to SEC 2022 MCD total; other numeric fields simulated
96,RAJOURI GARDEN,58808,8.65,6797,37.8,88,20.5,12.2,65.6,43.8,39.2,38.2,Ward names/boundaries: Delhi SEC 2022; population total calibrated to SEC 2022 MCD total; other numeric fields simulated
97,CHAUKHANDI NAGAR,75237,3.99,18857,39.5,143,4,2,84,53.7,42.5,79,Ward names/boundaries: Delhi SEC 2022; population total calibrated to SEC 2022 MCD total; other numeric fields simulated
98,SUBHASH NAGAR,68760,5.01,13723,39.8,161,5.5,3.5,95.7,57.5,43.2,86.1,Ward names/boundaries: Delhi SEC 2022; population total calibrated to SEC 2022 MCD total; other numeric fields simulated
99,HARI NAGAR,75982,4.86,15619,38.6,185,8.5,5,92.9,45.3,40.4,79.4,Ward names/boundaries: Delhi SEC 2022; population total calibrated to SEC 2022 MCD total; other numeric fields simulated
100,FATEH NAGAR,75357,6.52,11552,39,170,12.8,8.9,88,57.9,42.3,76.9,Ward names/boundaries: Delhi SEC 2022; population total calibrated to SEC 2022 MCD total; other numeric fields simulated
101,TILAK NAGAR,74627,3.01,24776,39.5,192,4.3,2.7,90,46.7,41.8,92.4,Ward names/boundaries: Delhi SEC 2022; population total calibrated to SEC 2022 MCD total; other numeric fields simulated
102,KHYALA,57680,4.5,12811,37.3,101,21.4,15,66.1,42.3,38.5,36.4,Ward names/boundaries: Delhi SEC 2022; population total calibrated to SEC 2022 MCD total; other numeric fields simulated
103,KESHOPUR,57263,6.02,9520,38,131,11.8,8.1,71.9,45.7,39.8,56.8,Ward names/boundaries: Delhi SEC 2022; population total calibrated to SEC 2022 MCD total; other numeric fields simulated
104,JANAK PURI SOUTH,64067,8.13,7877,37.2,87,15.4,10.6,68.6,55.8,39.7,34.8,Ward names/boundaries: Delhi SEC 2022; population total calibrated to SEC 2022 MCD total; other numeric fields simulated
105,MAHAVEER ENCLAVE,69598,7.51,9273,36.7,75,25.2,11.4,69.1,54.6,39,21.3,Ward names/boundaries: Delhi SEC 2022; population total calibrated to SEC 2022 MCD total; other numeric fields simulated
106,JANAK PURI WEST,60275,6.87,8768,37.5,100,26.7,16.5,81.7,40.6,38.6,35.3,Ward names/boundaries: Delhi SEC 2022; population total calibrated to SEC 2022 MCD total; other numeric fields simulated
107,VIKAS PURI,64292,5.16,12460,36.9,78,27.8,14.4,64.9,48.3,38.6,22.7,Ward names/boundaries: Delhi SEC 2022; population total calibrated to SEC 2022 MCD total; other numeric fields simulated
108,HASTSAL,75234,8.63,8718,37.2,99,22.4,10.3,70,54.4,39.5,34.4,Ward names/boundaries: Delhi SEC 2022; population total calibrated to SEC 2022 MCD total; other numeric fields simulated
109,VIKAS NAGAR,79979,2.33,34354,39.7,179,6.3,2.9,92.6,57,43.1,89.7,Ward names/boundaries: Delhi SEC 2022; population total calibrated to SEC 2022 MCD total; other numeric fields simulated
110,KUNWAR SINGH NAGAR,72191,3.12,23156,38.2,155,10.4,4.9,93.5,38.6,39.5,66.2,Ward names/boundaries: Delhi SEC 2022; population total calibrated to SEC 2022 MCD total; other numeric fields simulated
111,BAPROLA,63693,6.59,9659,36.9,113,21.6,11,64.3,49.6,38.8,35.7,Ward names/boundaries: Delhi SEC 2022; population total calibrated to SEC 2022 MCD total; other numeric fields simulated
112,SAINIK ENCLAVE,72891,7.17,10172,37.7,128,18.7,11.7,73.9,56.8,40.4,49.3,Ward names/boundaries: Delhi SEC 2022; population total calibrated to SEC 2022 MCD total; other numeric fields simulated
113,MOHAN GARDEN,60364,8.99,6715,38.1,147,15.4,7.7,82,56.9,41,60.3,Ward names/boundaries: Delhi SEC 2022; population total calibrated to SEC 2022 MCD total; other numeric fields simulated
114,NAWADA,62174,6.36,9777,38,114,23.1,13.5,79.8,53.5,40.5,46,Ward names/boundaries: Delhi SEC 2022; population total calibrated to SEC 2022 MCD total; other numeric fields simulated
115,UTTAM NAGAR,68736,4.48,15326,39.7,170,5.7,3.1,87.1,38.6,41.3,87.5,Ward names/boundaries: Delhi SEC 2022; population total calibrated to SEC 2022 MCD total; other numeric fields simulated
116,BINDA PUR,66915,9.23,7248,38.3,156,12.5,6.2,83.9,38.2,39.5,66.3,Ward names/boundaries: Delhi SEC 2022; population total calibrated to SEC 2022 MCD total; other numeric fields simulated
117,DABRI,60314,8.24,7323,37.4,99,27.6,12.1,63.1,44.3,38.9,33.5,Ward names/boundaries: Delhi SEC 2022; population total calibrated to SEC 2022 MCD total; other numeric fields simulated
118,SAGARPUR,70558,4.1,17206,37.9,134,19.8,12.8,73.4,56.9,40.8,52.3,Ward names/boundaries: Delhi SEC 2022; population total calibrated to SEC 2022 MCD total; other numeric fields simulated
119,MANGLAPURI,61424,8.9,6904,37.3,146,25.6,14.6,70.6,47.7,39,46.7,Ward names/boundaries: Delhi SEC 2022; population total calibrated to SEC 2022 MCD total; other numeric fields simulated
120,DWARKA-B,62534,8.25,7576,37.2,108,14.9,6.6,65.4,50.4,39.2,40.9,Ward names/boundaries: Delhi SEC 2022; population total calibrated to SEC 2022 MCD total; other numeric fields simulated
121,DWARKA-A,68273,9.22,7402,37.9,152,10.4,5.3,72.7,48,39.8,62.4,Ward names/boundaries: Delhi SEC 2022; population total calibrated to SEC 2022 MCD total; other numeric fields simulated
122,MATIALA,58269,9.44,6176,38,143,8.5,5.7,65.5,44.9,39.6,61.9,Ward names/boundaries: Delhi SEC 2022; population total calibrated to SEC 2022 MCD total; other numeric fields simulated
123,KAKROLA,63498,3.88,16357,37.6,107,10.2,5.6,62.2,56.7,40.3,47.1,Ward names/boundaries: Delhi SEC 2022; population total calibrated to SEC 2022 MCD total; other numeric fields simulated
124,NANGLI SAKRAWATI,71227,5.08,14008,37.9,135,15.9,9.6,81.2,49.2,39.9,54.7,Ward names/boundaries: Delhi SEC 2022; population total calibrated to SEC 2022 MCD total; other numeric fields simulated
125,CHHAWALA,50699,16.88,3004,36.9,85,39.1,22.1,67.3,54.5,39.3,18.5,Ward names/boundaries: Delhi SEC 2022; population total calibrated to SEC 2022 MCD total; other numeric fields simulated
126,ISAPUR,38267,9.57,3998,37.3,84,22.1,15.6,64.9,38.6,38.3,31.3,Ward names/boundaries: Delhi SEC 2022; population total calibrated to SEC 2022 MCD total; other numeric fields simulated
127,NAJAFGARH,65657,19.69,3334,37.9,75,38.8,27.1,68.5,45.5,39.6,25.7,Ward names/boundaries: Delhi SEC 2022; population total calibrated to SEC 2022 MCD total; other numeric fields simulated
128,DICHAON KALAN,50027,10.5,4763,37.5,96,24.4,13.6,68.2,49.9,39.5,35.4,Ward names/boundaries: Delhi SEC 2022; population total calibrated to SEC 2022 MCD total; other numeric fields simulated
129,ROSHAN PURA,67397,9.64,6990,36.8,85,38.8,24.5,60.5,39.8,37.7,17.7,Ward names/boundaries: Delhi SEC 2022; population total calibrated to SEC 2022 MCD total; other numeric fields simulated
130,DWARKA-C,56932,8.91,6393,38.1,96,26.1,14.4,85.3,50.8,40.3,40.3,Ward names/boundaries: Delhi SEC 2022; population total calibrated to SEC 2022 MCD total; other numeric fields simulated
131,BIJWASAN,39789,21.7,1834,37.5,75,18.9,12.7,49.3,50.4,39.6,32.5,Ward names/boundaries: Delhi SEC 2022; population total calibrated to SEC 2022 MCD total; other numeric fields simulated
132,KAPASHERA,55049,18.46,2983,36.3,86,29.6,18.3,45.2,38.6,37.1,18.1,Ward names/boundaries: Delhi SEC 2022; population total calibrated to SEC 2022 MCD total; other numeric fields simulated
133,MAHIPALPUR,78237,8.2,9544,38.8,124,16.2,9.2,77.9,45.1,40.7,60.3,Ward names/boundaries: Delhi SEC 2022; population total calibrated to SEC 2022 MCD total; other numeric fields simulated
134,RAJ NAGAR,69568,3.76,18506,37.8,148,14.8,7.4,94.4,45.3,39.5,57.9,Ward names/boundaries: Delhi SEC 2022; population total calibrated to SEC 2022 MCD total; other numeric fields simulated
135,PALAM,66086,8.08,8181,38.2,117,26.7,13.8,75.4,40.8,39.5,46.8,Ward names/boundaries: Delhi SEC 2022; population total calibrated to SEC 2022 MCD total; other numeric fields simulated
136,MADHU VIHAR,70152,6.84,10255,38,147,13.8,8.1,82.5,51.3,40.3,60.2,Ward names/boundaries: Delhi SEC 2022; population total calibrated to SEC 2022 MCD total; other numeric fields simulated
137,MAHAVIR ENCLAVE,67653,3.98,17004,39.3,147,12,5.2,81.7,57.1,42.5,73.8,Ward names/boundaries: Delhi SEC 2022; population total calibrated to SEC 2022 MCD total; other numeric fields simulated
138,SADH NAGAR,72604,5.24,13847,38.6,181,10.6,7.3,95.1,46.1,40.5,77.2,Ward names/boundaries: Delhi SEC 2022; population total calibrated to SEC 2022 MCD total; other numeric fields simulated
139,NARAINA,71896,7.27,9889,37.9,89,22.3,11.2,74.6,41.8,39.2,38.5,Ward names/boundaries: Delhi SEC 2022; population total calibrated to SEC 2022 MCD total; other numeric fields simulated
140,INDER PURI,72279,4.67,15492,37.8,168,16.5,7.1,82.5,46.8,39.6,62.6,Ward names/boundaries: Delhi SEC 2022; population total calibrated to SEC 2022 MCD total; other numeric fields simulated
141,RAJINDER NAGAR,65814,3.14,20976,39.1,183,6.9,4.9,91.2,53.6,41.9,84.6,Ward names/boundaries: Delhi SEC 2022; population total calibrated to SEC 2022 MCD total; other numeric fields simulated
142,DARYAGANJ,73936,2.87,25723,39.5,147,8.4,5.6,89.1,58,43,77.7,Ward names/boundaries: Delhi SEC 2022; population total calibrated to SEC 2022 MCD total; other numeric fields simulated
143,SIDHARTHA NAGAR,77491,3.53,21958,39.1,185,13.8,6.7,96,49.7,41.5,81.5,Ward names/boundaries: Delhi SEC 2022; population total calibrated to SEC 2022 MCD total; other numeric fields simulated
144,LAJPAT NAGAR,57052,2.06,27752,38.5,160,12.7,5.5,90.4,45.8,40.3,69.2,Ward names/boundaries: Delhi SEC 2022; population total calibrated to SEC 2022 MCD total; other numeric fields simulated
145,ANDREWS GANJ,57778,2.6,22254,39.2,181,8,5.7,93,53.6,42.1,84.5,Ward names/boundaries: Delhi SEC 2022; population total calibrated to SEC 2022 MCD total; other numeric fields simulated
146,AMAR COLONY,72909,7.42,9829,37.5,118,24.4,11.9,70.2,46.9,39.3,41.5,Ward names/boundaries: Delhi SEC 2022; population total calibrated to SEC 2022 MCD total; other numeric fields simulated
147,KOTLA MUBARAKPUR,56767,8.06,7043,38,131,11,6.8,79.7,54.6,40.6,57.2,Ward names/boundaries: Delhi SEC 2022; population total calibrated to SEC 2022 MCD total; other numeric fields simulated
148,HAUZ KHAS,61375,4.52,13589,38,111,16.1,9.9,77.6,42.5,39.4,48.9,Ward names/boundaries: Delhi SEC 2022; population total calibrated to SEC 2022 MCD total; other numeric fields simulated
149,MALVIYA NAGAR,68484,3.33,20587,38.9,150,9.9,6.7,88.5,44.6,40.8,71.9,Ward names/boundaries: Delhi SEC 2022; population total calibrated to SEC 2022 MCD total; other numeric fields simulated
150,GREEN PARK,66063,6.08,10863,38,139,20.6,11.7,88.5,47.2,39.9,54.3,Ward names/boundaries: Delhi SEC 2022; population total calibrated to SEC 2022 MCD total; other numeric fields simulated
151,MUNIRKA,59263,4.87,12163,38.5,146,18.5,8.9,75.6,47.2,40.5,62.2,Ward names/boundaries: Delhi SEC 2022; population total calibrated to SEC 2022 MCD total; other numeric fields simulated
152,R.K. PURAM,67179,6.41,10488,38.8,174,20,13.4,88.4,41.9,40.4,72.1,Ward names/boundaries: Delhi SEC 2022; population total calibrated to SEC 2022 MCD total; other numeric fields simulated
153,VASANT VIHAR,60208,3.91,15417,38.5,159,14.5,7.7,86.3,41.6,39.9,68,Ward names/boundaries: Delhi SEC 2022; population total calibrated to SEC 2022 MCD total; other numeric fields simulated
154,LADO SARAI,68213,9.28,7349,38.2,121,19.4,11.4,76.6,53.5,40.8,51.9,Ward names/boundaries: Delhi SEC 2022; population total calibrated to SEC 2022 MCD total; other numeric fields simulated
155,MEHRAULI,52239,14.81,3527,37.8,142,20.5,11.7,68.6,41.1,39,53.2,Ward names/boundaries: Delhi SEC 2022; population total calibrated to SEC 2022 MCD total; other numeric fields simulated
156,VASANT KUNJ,72497,7.95,9116,38.6,135,13.7,8,73.7,39.6,40,62.7,Ward names/boundaries: Delhi SEC 2022; population total calibrated to SEC 2022 MCD total; other numeric fields simulated
157,AYA NAGAR,48319,20.82,2321,35.4,75,28.1,13.3,46.3,46.6,36.6,7,Ward names/boundaries: Delhi SEC 2022; population total calibrated to SEC 2022 MCD total; other numeric fields simulated
158,BHATI,50410,19.26,2618,37.1,82,28.5,14.2,54.7,46.6,38.7,25.4,Ward names/boundaries: Delhi SEC 2022; population total calibrated to SEC 2022 MCD total; other numeric fields simulated
159,CHHATARPUR,58625,3.73,15720,38.2,151,19.7,10.7,77.4,45.4,40,60,Ward names/boundaries: Delhi SEC 2022; population total calibrated to SEC 2022 MCD total; other numeric fields simulated
160,SAID-UL-AJAIB,53316,6.54,8152,37.3,152,20,12.7,79.3,49.3,39.3,51.4,Ward names/boundaries: Delhi SEC 2022; population total calibrated to SEC 2022 MCD total; other numeric fields simulated
161,DEOLI,66053,3.59,18402,37,98,21.8,12.4,70.6,55.1,39.4,32.4,Ward names/boundaries: Delhi SEC 2022; population total calibrated to SEC 2022 MCD total; other numeric fields simulated
162,TIGRI,57098,9.44,6049,39.4,157,13,8.3,83.6,55.9,42.6,77.1,Ward names/boundaries: Delhi SEC 2022; population total calibrated to SEC 2022 MCD total; other numeric fields simulated
163,SANGAM VIHAR-A,57199,3.25,17620,39.2,163,8.7,5.1,95.1,50.2,41.8,79.1,Ward names/boundaries: Delhi SEC 2022; population total calibrated to SEC 2022 MCD total; other numeric fields simulated
164,DAKSHIN PURI,57300,7.83,7317,37.7,105,25.2,11.8,74.4,38.8,38.8,39.4,Ward names/boundaries: Delhi SEC 2022; population total calibrated to SEC 2022 MCD total; other numeric fields simulated
165,MADANGIR,82702,5.93,13944,38.6,174,18.7,10.3,83.9,49.5,40.9,70.9,Ward names/boundaries: Delhi SEC 2022; population total calibrated to SEC 2022 MCD total; other numeric fields simulated
166,PUSHP VIHAR,69747,7.01,9953,37.5,138,8.7,5.5,70.3,43,38.8,55.5,Ward names/boundaries: Delhi SEC 2022; population total calibrated to SEC 2022 MCD total; other numeric fields simulated
167,KHANPUR,82454,3.92,21052,37.4,148,8.6,4.3,66.3,48,39.2,57.4,Ward names/boundaries: Delhi SEC 2022; population total calibrated to SEC 2022 MCD total; other numeric fields simulated
168,SANGAM VIHAR-C,75528,5.78,13076,38.5,157,4.1,2,88.1,47.8,40.6,73,Ward names/boundaries: Delhi SEC 2022; population total calibrated to SEC 2022 MCD total; other numeric fields simulated
169,SANGAM VIHAR-B,67370,5.17,13035,37.9,185,9.5,6.1,78.3,54.2,40.5,72,Ward names/boundaries: Delhi SEC 2022; population total calibrated to SEC 2022 MCD total; other numeric fields simulated
170,TUGHLAKABAD EXTENSION,69212,8.6,8049,37.3,143,13.5,8.9,71.8,48.3,39,52.4,Ward names/boundaries: Delhi SEC 2022; population total calibrated to SEC 2022 MCD total; other numeric fields simulated
171,CHITARANJAN PARK,59723,2.07,28813,38.6,127,20.6,14.3,79.6,48.7,40.9,56.8,Ward names/boundaries: Delhi SEC 2022; population total calibrated to SEC 2022 MCD total; other numeric fields simulated
172,CHIRAG DELHI,73102,8.38,8725,37.3,108,21.1,12,70.2,47.8,39.1,38.5,Ward names/boundaries: Delhi SEC 2022; population total calibrated to SEC 2022 MCD total; other numeric fields simulated
173,GREATER KAILASH,70976,3.66,19377,38,146,16.1,11.1,76.5,52.4,40.4,58.6,Ward names/boundaries: Delhi SEC 2022; population total calibrated to SEC 2022 MCD total; other numeric fields simulated
174,SRI NIWAS PURI,62003,5.82,10650,38,130,9,5,73.1,56.2,40.7,58,Ward names/boundaries: Delhi SEC 2022; population total calibrated to SEC 2022 MCD total; other numeric fields simulated
175,KALKAJI,56186,3.55,15821,38.1,131,17.3,10.8,86.1,43.9,39.7,54.8,Ward names/boundaries: Delhi SEC 2022; population total calibrated to SEC 2022 MCD total; other numeric fields simulated
176,GOVIND PURI,55930,9.05,6178,37.6,116,12,8.5,63.5,54.5,40.1,48.6,Ward names/boundaries: Delhi SEC 2022; population total calibrated to SEC 2022 MCD total; other numeric fields simulated
177,HARKESH NAGAR,71481,4.45,16076,39.2,158,10.4,4.9,87.8,57.8,42.5,76.8,Ward names/boundaries: Delhi SEC 2022; population total calibrated to SEC 2022 MCD total; other numeric fields simulated
178,TUGHLAKABAD,71756,8.83,8126,37.7,123,8.3,5.8,73.1,50.2,39.8,53.5,Ward names/boundaries: Delhi SEC 2022; population total calibrated to SEC 2022 MCD total; other numeric fields simulated
179,PUL PEHLADPUR,60593,6.44,9416,38.3,107,24.6,14.6,73.6,46,40.2,46.2,Ward names/boundaries: Delhi SEC 2022; population total calibrated to SEC 2022 MCD total; other numeric fields simulated
180,BADARPUR,57161,10.05,5689,37.8,109,27.3,17.9,68,51.3,40,40.4,Ward names/boundaries: Delhi SEC 2022; population total calibrated to SEC 2022 MCD total; other numeric fields simulated
181,MOLARBAND,64285,5.63,11424,37.6,115,21,9.1,71.8,51.2,39.8,43.5,Ward names/boundaries: Delhi SEC 2022; population total calibrated to SEC 2022 MCD total; other numeric fields simulated
182,MEETHAPUR,66955,6.26,10691,38.9,142,26.5,12.3,82,51.8,41.6,60.7,Ward names/boundaries: Delhi SEC 2022; population total calibrated to SEC 2022 MCD total; other numeric fields simulated
183,HARI NAGAR EXTENSION,64929,4.98,13047,38.3,163,6.5,3.2,90.8,52.1,40.7,71.5,Ward names/boundaries: Delhi SEC 2022; population total calibrated to SEC 2022 MCD total; other numeric fields simulated
184,JAITPUR,48365,11.02,4390,38.4,99,18.6,10.5,65.9,47.7,40.4,48.1,Ward names/boundaries: Delhi SEC 2022; population total calibrated to SEC 2022 MCD total; other numeric fields simulated
185,MADANPUR KHADAR EAST,68563,7.23,9481,37.8,80,13.5,6.8,66.3,46.6,39.6,39.7,Ward names/boundaries: Delhi SEC 2022; population total calibrated to SEC 2022 MCD total; other numeric fields simulated
186,MADANPUR KHADAR WEST,63436,6.66,9522,38.4,101,25.7,11.2,74.9,57,41.3,44.9,Ward names/boundaries: Delhi SEC 2022; population total calibrated to SEC 2022 MCD total; other numeric fields simulated
187,SARITA VIHAR,64112,8.34,7690,37.4,132,18,10.1,64.6,40.1,38.4,47.9,Ward names/boundaries: Delhi SEC 2022; population total calibrated to SEC 2022 MCD total; other numeric fields simulated
188,ABUL FAZAL ENCLAVE,76357,4.71,16195,39.2,139,7.4,4.8,81.6,49.5,41.7,73.1,Ward names/boundaries: Delhi SEC 2022; population total calibrated to SEC 2022 MCD total; other numeric fields simulated
189,ZAKIR NAGAR,85603,6.2,13803,38.5,129,13.4,9.6,79.7,42.6,40.1,60.3,Ward names/boundaries: Delhi SEC 2022; population total calibrated to SEC 2022 MCD total; other numeric fields simulated
190,NEW ASHOK NAGAR,64340,5.34,12037,39.4,175,6.2,4,85.8,47.1,41.7,85.7,Ward names/boundaries: Delhi SEC 2022; population total calibrated to SEC 2022 MCD total; other numeric fields simulated
191,MAYUR VIHAR PHASE-I,72667,8.73,8322,37.9,127,16.9,7.6,71,56.1,40.6,51.9,Ward names/boundaries: Delhi SEC 2022; population total calibrated to SEC 2022 MCD total; other numeric fields simulated
192,TRILOKPURI,69922,3.32,21069,39,201,9.9,6.4,94.9,47.5,41.2,87,Ward names/boundaries: Delhi SEC 2022; population total calibrated to SEC 2022 MCD total; other numeric fields simulated
193,KONDLI,76779,9.45,8125,38.3,180,10.9,6.2,82.1,46.2,40.2,73.8,Ward names/boundaries: Delhi SEC 2022; population total calibrated to SEC 2022 MCD total; other numeric fields simulated
194,GHAROLI,59108,6.92,8538,38,114,9.7,4.2,77.3,57.5,40.9,53.2,Ward names/boundaries: Delhi SEC 2022; population total calibrated to SEC 2022 MCD total; other numeric fields simulated
195,KALYANPURI,68633,3.79,18122,37,98,22.2,14.5,62.8,47.6,38.6,32.2,Ward names/boundaries: Delhi SEC 2022; population total calibrated to SEC 2022 MCD total; other numeric fields simulated
196,MAYUR VIHAR PHASE-II,62456,3.68,16991,37.7,94,23.6,12.2,63.3,55.9,40.4,37.2,Ward names/boundaries: Delhi SEC 2022; population total calibrated to SEC 2022 MCD total; other numeric fields simulated
197,PATPAR GANJ,69377,7.97,8702,37.5,128,19.5,9.3,73.6,45.2,39.1,46.9,Ward names/boundaries: Delhi SEC 2022; population total calibrated to SEC 2022 MCD total; other numeric fields simulated
198,VINOD NAGAR,58574,6.79,8630,38.8,166,13.4,9.5,84.8,54,41.6,73.5,Ward names/boundaries: Delhi SEC 2022; population total calibrated to SEC 2022 MCD total; other numeric fields simulated
199,MANDAWALI,77884,4.53,17210,37.8,75,20.6,14.3,64.4,43.8,39.2,34.5,Ward names/boundaries: Delhi SEC 2022; population total calibrated to SEC 2022 MCD total; other numeric fields simulated
200,PANDAV NAGAR,76879,5.64,13638,40,179,8.7,5,91.5,51.6,42.9,91.4,Ward names/boundaries: Delhi SEC 2022; population total calibrated to SEC 2022 MCD total; other numeric fields simulated
201,LALITA PARK,62868,7.38,8514,38.1,122,25.6,10.8,73.7,40,39.3,47.8,Ward names/boundaries: Delhi SEC 2022; population total calibrated to SEC 2022 MCD total; other numeric fields simulated
202,SHAKARPUR,64502,7.03,9169,39.6,118,8.7,6.2,73.6,52.2,42.4,70.5,Ward names/boundaries: Delhi SEC 2022; population total calibrated to SEC 2022 MCD total; other numeric fields simulated
203,LAXMI NAGAR,71061,3.27,21718,37.7,185,6,3,85.2,46.4,39.4,72,Ward names/boundaries: Delhi SEC 2022; population total calibrated to SEC 2022 MCD total; other numeric fields simulated
204,PREET VIHAR,71047,7.52,9452,38.2,151,16.4,7.1,79.8,39,39.4,61.8,Ward names/boundaries: Delhi SEC 2022; population total calibrated to SEC 2022 MCD total; other numeric fields simulated
205,I.P. EXTENSION,59045,4.32,13654,37.2,97,12.7,7.3,62.8,41.7,38.2,39,Ward names/boundaries: Delhi SEC 2022; population total calibrated to SEC 2022 MCD total; other numeric fields simulated
206,ANAND VIHAR,62170,5.49,11321,38.6,106,10.2,6.5,73.8,57.3,41.7,56.6,Ward names/boundaries: Delhi SEC 2022; population total calibrated to SEC 2022 MCD total; other numeric fields simulated
207,VISHWAS NAGAR,72118,4.34,16622,38.6,184,13.7,6,93.8,51.8,41.1,76.4,Ward names/boundaries: Delhi SEC 2022; population total calibrated to SEC 2022 MCD total; other numeric fields simulated
208,ANARKALI,69072,5.04,13707,38.7,200,12.4,7.5,87.1,56.2,41.6,82.5,Ward names/boundaries: Delhi SEC 2022; population total calibrated to SEC 2022 MCD total; other numeric fields simulated
209,JAGAT PURI,59300,5.07,11695,38.1,152,16.4,10.5,75.6,53,40.5,61.1,Ward names/boundaries: Delhi SEC 2022; population total calibrated to SEC 2022 MCD total; other numeric fields simulated
210,GEETA COLONY,56150,7.39,7603,37.8,116,11.4,5,69,53.1,40.3,50.9,Ward names/boundaries: Delhi SEC 2022; population total calibrated to SEC 2022 MCD total; other numeric fields simulated
211,KRISHNA NAGAR,72938,5.65,12909,39.2,175,5.2,3,91.5,43.4,41,84.3,Ward names/boundaries: Delhi SEC 2022; population total calibrated to SEC 2022 MCD total; other numeric fields simulated
212,GANDHI NAGAR,70575,5.78,12209,39,123,6.4,4.5,81.4,43,40.7,67.3,Ward names/boundaries: Delhi SEC 2022; population total calibrated to SEC 2022 MCD total; other numeric fields simulated
213,SHASTRI PARK,70925,6.12,11593,38,98,23,12.9,66.7,39.5,39.1,41.6,Ward names/boundaries: Delhi SEC 2022; population total calibrated to SEC 2022 MCD total; other numeric fields simulated
214,AZAD NAGAR,67663,4.45,15220,39.3,181,5,2.6,81.2,52.9,42.1,87.1,Ward names/boundaries: Delhi SEC 2022; population total calibrated to SEC 2022 MCD total; other numeric fields simulated
215,SHAHDARA,72060,6.53,11032,39.4,179,11.5,5,94.3,46.9,41.6,84,Ward names/boundaries: Delhi SEC 2022; population total calibrated to SEC 2022 MCD total; other numeric fields simulated
216,JHILMIL,67767,4.92,13773,38.5,129,15.6,8.3,75.6,42.7,40.1,59.1,Ward names/boundaries: Delhi SEC 2022; population total calibrated to SEC 2022 MCD total; other numeric fields simulated
217,DILSHAD COLONY,65000,6.63,9807,38.1,108,14.1,10,72,53.7,40.7,50.1,Ward names/boundaries: Delhi SEC 2022; population total calibrated to SEC 2022 MCD total; other numeric fields simulated
218,SUNDAR NAGRI,66143,7.48,8843,39.2,130,24.4,15.6,86.7,45.3,41.3,61.5,Ward names/boundaries: Delhi SEC 2022; population total calibrated to SEC 2022 MCD total; other numeric fields simulated
219,DILSHAD GARDEN,67687,6.19,10934,38.2,99,26.8,14.4,82.9,41.8,39.6,41.8,Ward names/boundaries: Delhi SEC 2022; population total calibrated to SEC 2022 MCD total; other numeric fields simulated
220,NAND NAGRI,65398,3.75,17462,38.1,149,6.9,4.4,86.4,50.9,40.3,65.4,Ward names/boundaries: Delhi SEC 2022; population total calibrated to SEC 2022 MCD total; other numeric fields simulated
221,ASHOK NAGAR,74911,3.97,18859,38.5,115,4.3,2,82.9,57.9,41.7,61.3,Ward names/boundaries: Delhi SEC 2022; population total calibrated to SEC 2022 MCD total; other numeric fields simulated
222,RAM NAGAR EAST,77239,5.66,13635,39.2,174,7.6,3.7,89.2,38.9,40.7,82.7,Ward names/boundaries: Delhi SEC 2022; population total calibrated to SEC 2022 MCD total; other numeric fields simulated
223,ROHTASH NAGAR,73624,4.35,16919,38.5,117,14.8,8.1,92.3,53.7,41.2,56.2,Ward names/boundaries: Delhi SEC 2022; population total calibrated to SEC 2022 MCD total; other numeric fields simulated
224,WELCOME COLONY,90314,4.4,20537,39.3,160,8.3,5.5,90.6,55.7,42.5,79.4,Ward names/boundaries: Delhi SEC 2022; population total calibrated to SEC 2022 MCD total; other numeric fields simulated
225,SEELAMPUR,80573,4.7,17140,38.4,138,11.5,6.7,78.4,57.5,41.4,62.8,Ward names/boundaries: Delhi SEC 2022; population total calibrated to SEC 2022 MCD total; other numeric fields simulated
226,GAUTAM PURI,72052,4.45,16173,37.8,101,18.3,8.1,73.2,40.6,38.9,43,Ward names/boundaries: Delhi SEC 2022; population total calibrated to SEC 2022 MCD total; other numeric fields simulated
227,CHAUHAN BANGER,67574,4.89,13829,37.7,125,25,15.7,80.8,48.4,39.7,45.1,Ward names/boundaries: Delhi SEC 2022; population total calibrated to SEC 2022 MCD total; other numeric fields simulated
228,MAUJPUR,83134,3.85,21566,37.9,153,19.7,13.9,83,52.4,40.3,57.7,Ward names/boundaries: Delhi SEC 2022; population total calibrated to SEC 2022 MCD total; other numeric fields simulated
229,BRAHAM PURI,67670,7.67,8821,37.3,111,25,13.4,75.4,47.7,39.1,37.3,Ward names/boundaries: Delhi SEC 2022; population total calibrated to SEC 2022 MCD total; other numeric fields simulated
230,BHAJANPURA,73366,6.52,11249,38.1,98,25.9,11.7,72.3,45.3,39.8,41,Ward names/boundaries: Delhi SEC 2022; population total calibrated to SEC 2022 MCD total; other numeric fields simulated
231,GHONDA,79692,6.65,11976,37.1,121,23.6,10.8,78.7,41.3,38.2,38.8,Ward names/boundaries: Delhi SEC 2022; population total calibrated to SEC 2022 MCD total; other numeric fields simulated
232,YAMUNA VIHAR,64572,6.33,10207,37.8,75,17.4,7.4,65,41,38.9,36.3,Ward names/boundaries: Delhi SEC 2022; population total calibrated to SEC 2022 MCD total; other numeric fields simulated
233,SUBHASH MOHALLA,65032,5.33,12204,37.3,115,19.4,8.6,69.6,55.7,39.8,41.4,Ward names/boundaries: Delhi SEC 2022; population total calibrated to SEC 2022 MCD total; other numeric fields simulated
234,KABIR NAGAR,70167,2.92,24039,37.8,174,13.4,8,86.1,42.1,39.2,65.9,Ward names/boundaries: Delhi SEC 2022; population total calibrated to SEC 2022 MCD total; other numeric fields simulated
235,GORAKH PARK,62738,3.75,16708,39,117,17,7.7,68.2,50.9,41.5,59.9,Ward names/boundaries: Delhi SEC 2022; population total calibrated to SEC 2022 MCD total; other numeric fields simulated
236,KARDAM PURI,69306,4.44,15599,39.1,182,13,7,91,42.3,40.8,81.1,Ward names/boundaries: Delhi SEC 2022; population total calibrated to SEC 2022 MCD total; other numeric fields simulated
237,HARSH VIHAR,59933,4.3,13949,37.1,129,25.9,17.9,86.3,38.6,38,39.8,Ward names/boundaries: Delhi SEC 2022; population total calibrated to SEC 2022 MCD total; other numeric fields simulated
238,SABOLI,62559,6.59,9496,38.6,157,13.7,5.9,81.7,55.4,41.5,68.9,Ward names/boundaries: Delhi SEC 2022; population total calibrated to SEC 2022 MCD total; other numeric fields simulated
239,GOKAL PURI,69614,7,9938,37.1,127,25.4,14.7,79.2,51.7,39.2,39.5,Ward names/boundaries: Delhi SEC 2022; population total calibrated to SEC 2022 MCD total; other numeric fields simulated
240,JOHARIPUR,46417,7.05,6584,37.1,75,23.6,10.9,45.5,40.7,38.1,26.1,Ward names/boundaries: Delhi SEC 2022; population total calibrated to SEC 2022 MCD total; other numeric fields simulated
241,KARAWAL NAGAR-EAST,72203,3.35,21526,39,164,10.1,7.1,87.3,57.9,42.2,76.7,Ward names/boundaries: Delhi SEC 2022; population total calibrated to SEC 2022 MCD total; other numeric fields simulated
242,DAYALPUR,54213,7.78,6964,37.3,122,20.7,11.1,69.5,49.9,39.3,42.6,Ward names/boundaries: Delhi SEC 2022; population total calibrated to SEC 2022 MCD total; other numeric fields simulated
243,MUSTAFABAD,75900,4.25,17844,39,156,11.7,7.5,90.2,50.4,41.5,73.6,Ward names/boundaries: Delhi SEC 2022; population total calibrated to SEC 2022 MCD total; other numeric fields simulated
244,NEHRU VIHAR,70868,5.7,12440,39.2,142,18.5,12.7,78.3,54.8,42.2,68,Ward names/boundaries: Delhi SEC 2022; population total calibrated to SEC 2022 MCD total; other numeric fields simulated
245,BRIJ PURI,68520,5.96,11501,38.5,139,21.4,12.9,84.7,52.4,41,58.7,Ward names/boundaries: Delhi SEC 2022; population total calibrated to SEC 2022 MCD total; other numeric fields simulated
246,SRI RAM COLONY,55590,4.78,11619,36.5,154,22.2,11.3,86.7,44.7,37.8,42.9,Ward names/boundaries: Delhi SEC 2022; population total calibrated to SEC 2022 MCD total; other numeric fields simulated
247,SADATPUR,72867,3.23,22590,38.1,141,8.5,4.6,88.6,52.3,40.5,62.3,Ward names/boundaries: Delhi SEC 2022; population total calibrated to SEC 2022 MCD total; other numeric fields simulated
248,KARAWAL NAGAR-WEST,59639,6.7,8897,39.5,173,7.1,3.1,94.5,38.2,41.1,85.7,Ward names/boundaries: Delhi SEC 2022; population total calibrated to SEC 2022 MCD total; other numeric fields simulated
249,SONIA VIHAR,50111,16.11,3111,37.1,75,29.9,15.7,50.6,51.1,39.1,22.7,Ward names/boundaries: Delhi SEC 2022; population total calibrated to SEC 2022 MCD total; other numeric fields simulated
250,SABAPUR,60654,8.49,7141,36.8,92,34.2,22.8,59.2,52.7,38.9,22.1,Ward names/boundaries: Delhi SEC 2022; population total calibrated to SEC 2022 MCD total; other numeric fields simulated
